Date,Close,Daily_Return,Sentiment_Score,Sentiment_Label,Next_Day_Return,Rolling_Sentiment
2023-01-02,16688.470703125,0.38129515588565255,0.17346170033670033,Positive,-0.0516121662866742,
2023-01-03,16679.857421875,-0.0516121662866742,0.019301136363636364,Positive,1.0994150293785143,
2023-01-04,16863.23828125,1.0994150293785143,-0.026388888888888892,Negative,-0.15715814888571655,
2023-01-05,16836.736328125,-0.15715814888571655,0.011742424242424242,Positive,0.6844106816741524,
2023-01-06,16951.96875,0.6844106816741524,0.10996650175221603,Positive,0.018342264818071996,
2023-01-07,16955.078125,0.018342264818071996,0.19777777777777777,Positive,0.8025112314249405,
2023-01-08,17091.14453125,0.8025112314249405,0.0435204991087344,Positive,0.6167530562816603,0.07562587867037147
2023-01-09,17196.5546875,0.6167530562816603,0.07728586889301174,Positive,1.4522576515372032,0.06188647417841595
2023-01-10,17446.29296875,1.4522576515372032,0.14583333333333334,Positive,2.800615102017323,0.0799625023169441
2023-01-11,17934.896484375,2.800615102017323,0.08953613516113516,Positive,5.211579598824612,0.0965232200383761
2023-01-12,18869.587890625,5.211579598824612,0.11567435720844811,Positive,5.511441660269112,0.11137063903352236
2023-01-13,19909.57421875,5.511441660269112,0.025288857967429395,Positive,5.357847423830919,0.09927383277855284
2023-01-14,20976.298828125,5.357847423830919,0.0026839826839826835,Positive,-0.4552757413617381,0.07140329062229642
2023-01-15,20880.798828125,-0.4552757413617381,0.15442176870748298,Positive,1.3832516023570829,0.08724632913640333
2023-01-16,21169.6328125,1.3832516023570829,0.1274172278338945,Positive,-0.03832509199314105,0.09440795184224374
2023-01-17,21161.51953125,-0.03832509199314105,0.1119503862150921,Positive,-2.2339524368838015,0.08956753082535214
2023-01-18,20688.78125,-2.2339524368838015,0.0933015672599006,Positive,1.9238045679950355,0.09010544969660435
2023-01-19,21086.79296875,1.9238045679950355,0.04262318563789152,Positive,7.539125404137925,0.07966956804366768
2023-01-20,22676.552734375,7.539125404137925,0.09333333333333334,Positive,0.4457126566322689,0.08939020738165396
2023-01-21,22777.625,0.4457126566322689,0.032999999999999995,Positive,-0.2511630794474806,0.09372106699822787
2023-01-22,22720.416015625,-0.2511630794474806,0.005681818181818177,Positive,0.9419529327844067,0.0724725026374186
2023-01-23,22934.431640625,0.9419529327844067,0.06950426887926887,Positive,-1.2991945703908492,0.0641992227867578
2023-01-24,22636.46875,-1.2991945703908492,0.07002665544332211,Positive,2.1266153759075257,0.058210118390790655
2023-01-25,23117.859375,2.1266153759075257,0.019069564694564698,Positive,-0.3680359408276712,0.04760554659574267
2023-01-26,23032.77734375,-0.3680359408276712,-0.05547401094276094,Negative,0.19950339114214177,0.03359166136993518
2023-01-27,23078.728515625,0.19950339114214177,-0.0216903409090909,Negative,-0.20641809553220147,0.017159707906731714
2023-01-28,23031.08984375,-0.20641809553220147,0.2222222222222222,Positive,3.2281432079158012,0.04419145393847774
2023-01-29,23774.56640625,3.2281432079158012,0.2333333333333333,Positive,-3.9303670923283462,0.07671309896012277
2023-01-30,22840.138671875,-3.9303670923283462,0.12649281934996223,Positive,1.3097316769725253,0.0848543204559361
2023-01-31,23139.283203125,1.3097316769725253,0.13662618245951577,Positive,2.525948288865165,0.09436853860110662
2023-02-01,23723.76953125,2.525948288865165,0.20795454545454545,Positive,-1.061797692681965,0.12135210728110388
2023-02-02,23471.87109375,-1.061797692681965,0.008680555555555554,Positive,-0.09606745041729203,0.13051704535229194
2023-02-03,23449.322265625,-0.09606745041729203,-0.01771885521885522,Negative,-0.5009723012217249,0.13108440045089703
2023-02-04,23331.84765625,-0.5009723012217249,0.08333333333333333,Positive,-1.612309690031044,0.1112431306096272
2023-02-05,22955.666015625,-1.612309690031044,0.01357190603514133,Positive,-0.8518883333286542,0.07984864099559977
2023-02-06,22760.109375,-0.8518883333286542,0.10569940476190479,Positive,2.2151986720186922,0.07687815319730586
2023-02-07,23264.291015625,2.2151986720186922,-0.016904761904761905,Negative,-1.3965290320121615,0.054945161145266194
2023-02-08,22939.3984375,-1.3965290320121615,0.08848340548340548,Positive,-4.883996317743455,0.03787785543510334
2023-02-09,21819.0390625,-4.883996317743455,0.0,Neutral,-0.7693073387383564,0.03663777607002396
2023-02-10,21651.18359375,-0.7693073387383564,0.14359015323301036,Positive,1.0146854341645195,0.0596819201345762
2023-02-11,21870.875,1.0146854341645195,0.11440275773609107,Positive,-0.3779998514005456,0.06412040933497017
2023-02-12,21788.203125,-0.3779998514005456,0.10643939393939394,Positive,0.09132665684197239,0.07738719332129196
2023-02-13,21808.1015625,0.09132665684197239,0.0715909090909091,Positive,1.8924303145655852,0.0725145510825783
2023-02-14,22220.8046875,1.8924303145655852,0.09301272529213706,Positive,9.392266116037785,0.08821704925356386
2023-02-15,24307.841796875,9.392266116037785,0.12899477973007384,Positive,-2.8154173176657027,0.09400438843165934
2023-02-16,23623.474609375,-2.8154173176657027,0.08950757575757576,Positive,3.9880964536483487,0.10679118496845587
2023-02-17,24565.6015625,3.9880964536483487,0.0753030303030303,Positive,0.30805588480080637,0.09703588169274444
2023-02-18,24641.27734375,0.30805588480080637,0.03125,Positive,-1.2728023845912761,0.08515691630187429
2023-02-19,24327.642578125,-1.2728023845912761,0.10515151515151518,Positive,2.0614650916729094,0.08497293361789161
2023-02-20,24829.1484375,2.0614650916729094,-0.023811327561327558,Negative,-1.5819911136450981,0.07134404266757208
2023-02-21,24436.353515625,-1.5819911136450981,0.05201465201465202,Positive,-1.012875204423358,0.06548717505650278
2023-02-22,24188.84375,-1.012875204423358,-0.03294753086419753,Negative,-0.997780485063493,0.04235255925732116
2023-02-23,23947.4921875,-0.997780485063493,0.07897727272727272,Positive,-3.1292012896705357,0.04084823025299216
2023-02-24,23198.126953125,-3.1292012896705357,0.15343434343434342,Positive,-0.09807668166905703,0.05200984641460832
2023-02-25,23175.375,-0.09807668166905703,0.12361111111111112,Positive,1.6648614774302573,0.06520429085905276
2023-02-26,23561.212890625,1.6648614774302573,0.06971590909090909,Positive,-0.16273269569350157,0.06014206142182332
2023-02-27,23522.87109375,-0.16273269569350157,0.11372701372701373,Positive,-1.596393470118429,0.07979039589158636
2023-02-28,23147.353515625,-1.596393470118429,-0.030889249639249643,Negative,2.156606219747892,0.06794698136960041
2023-03-01,23646.55078125,2.156606219747892,0.16023219205037387,Positive,-0.7235050302163204,0.09554408464311061
2023-03-02,23475.466796875,-0.7235050302163204,0.09036424512987012,Positive,-4.740212916759257,0.09717079498633881
2023-03-03,22362.6796875,-4.740212916759257,-0.01916701023843882,Negative,-0.04172164631153219,0.07251345874736992
2023-03-04,22353.349609375,-0.04172164631153219,0.026916666666666672,Positive,0.36756935285233716,0.058699966683877856
2023-03-05,22435.513671875,0.36756935285233716,0.024675099206349208,Positive,-0.025655126328649747,0.05226556527179788
2023-03-06,22429.7578125,-0.025655126328649747,0.5,Positive,-0.9362039617430651,0.10744742045365306
2023-03-07,22219.76953125,-0.9362039617430651,0.0725565927128427,Positive,-2.257851740628636,0.1222253979325234
2023-03-08,21718.080078125,-2.257851740628636,-0.0055766300026504146,Negative,-6.239311158608585,0.09853842335351992
2023-03-09,20363.021484375,-6.239311158608585,0.06444444444444446,Positive,-0.8632183779056501,0.0948355946841734
2023-03-10,20187.244140625,-0.8632183779056501,0.10125790875790876,Positive,2.2051846825845045,0.1120391545407945
2023-03-11,20632.41015625,2.2051846825845045,0.11876736111111111,Positive,7.4229770099644155,0.12516068231857227
2023-03-12,22163.94921875,7.4229770099644155,0.018672138047138045,Positive,9.175187888693825,0.12430311643868495
2023-03-13,24197.533203125,9.175187888693825,0.09987244897959184,Positive,2.2669294883089997,0.06714203772148378
2023-03-14,24746.07421875,2.2669294883089997,0.047567471590909086,Positive,-1.4956444322371198,0.06357216327549327
2023-03-15,24375.9609375,-1.4956444322371198,0.039571035025580466,Positive,2.7766213062754286,0.07002182970809769
2023-03-16,25052.7890625,2.7766213062754286,0.11814296814296814,Positive,9.464577453171529,0.07769304737931534
2023-03-17,27423.9296875,9.464577453171529,0.022266414141414146,Positive,-1.6702594648891012,0.06640854814838755
2023-03-18,26965.87890625,-1.6702594648891012,0.06696969696969697,Positive,3.9783493752593824,0.05900888184247124
2023-03-19,28038.67578125,3.9783493752593824,0.11943452380952382,Positive,-0.9680894177838351,0.07340350837995492
2023-03-20,27767.236328125,-0.9680894177838351,0.11094065656565656,Positive,1.4714466837708162,0.07498468089224988
2023-03-21,28175.81640625,1.4714466837708162,0.11692821067821067,Positive,-3.0820008681536337,0.08489335790472154
2023-03-22,27307.4375,-3.0820008681536337,0.22400042087542088,Positive,3.7591779025402783,0.1112404130261273
2023-03-23,28333.97265625,3.7591779025402783,0.060079966329966324,Positive,-2.967065403073854,0.10294569848141277
2023-03-24,27493.28515625,-2.967065403073854,0.09863053613053613,Positive,0.00517171735541222,0.11385485876557307
2023-03-25,27494.70703125,0.00517171735541222,0.025,Positive,1.8171608313816145,0.10785918776990204
2023-03-26,27994.330078125,1.8171608313816145,0.10555555555555556,Positive,-3.052194511765327,0.10587647801933517
2023-03-27,27139.888671875,-3.052194511765327,0.14769921436588104,Positive,0.4725228944394866,0.11112770056222436
2023-03-28,27268.130859375,0.4725228944394866,0.026076555023923448,Positive,3.9618063755315402,0.0981488926116119
2023-03-29,28348.44140625,3.9618063755315402,0.01517857142857143,Positive,-1.11074503792854,0.06831719983349056
2023-03-30,28033.5625,-1.11074503792854,0.02716253443526171,Positive,1.5871042968584437,0.06361470956281848
2023-03-31,28478.484375,1.5871042968584437,0.16610881542699724,Positive,-0.23684272611504964,0.07325446374802722
2023-04-01,28411.03515625,-0.23684272611504964,0.053441220238095236,Positive,-0.745226498561502,0.07731749521061224
2023-04-02,28199.30859375,-0.745226498561502,0.08819444444444444,Positive,-1.450701847050495,0.07483733648045351
2023-04-03,27790.220703125,-1.450701847050495,-0.025648148148148153,Negative,1.35971982612757,0.05007342754987791
2023-04-04,28168.08984375,1.35971982612757,0.06712962962962962,Positive,0.0351267384649967,0.05593815249355022
2023-04-05,28177.984375,0.0351267384649967,0.024652777777777773,Positive,-0.4749940528704033,0.05729161054343684
2023-04-06,28044.140625,-0.4749940528704033,-0.041666666666666664,Negative,-0.4217681389550476,0.04745886752887564
2023-04-07,27925.859375,-0.4217681389550476,0.0770679012345679,Positive,0.07854922772632111,0.034738736929957166
2023-04-08,27947.794921875,0.07854922772632111,0.1028409090909091,Positive,1.3784839213681899,0.041795835337501995
2023-04-09,28333.05078125,1.3784839213681899,-0.00418252907223496,Negative,4.658621825410658,0.02859912483511923
2023-04-10,29652.98046875,4.658621825410658,0.10433396464646465,Positive,1.9629666758571807,0.04716799809149248
2023-04-11,30235.05859375,1.9629666758571807,0.07727272727272727,Positive,-0.3175315803583212,0.04861701204050644
2023-04-12,30139.052734375,-0.3175315803583212,0.05472181492342783,Positive,0.8627134839524819,0.0529125887755993
2023-04-13,30399.06640625,0.8627134839524819,0.17429584304584306,Positive,0.2849851088919886,0.0837643758773864
2023-04-14,30485.69921875,0.2849851088919886,0.004988425925925924,Positive,-0.5484641300179338,0.07346730797615185
2023-04-15,30318.49609375,-0.5484641300179338,-0.022222222222222216,Negative,-0.010358775680330279,0.055601146359990215
2023-04-16,30315.35546875,-0.010358775680330279,0.125,Positive,-2.8708571396173888,0.07405579337030951
2023-04-17,29445.044921875,-2.8708571396173888,0.047347883597883604,Positive,3.2348662229154,0.06591492464908363
2023-04-18,30397.552734375,3.2348662229154,0.08632981601731601,Positive,-5.18092051895368,0.06720879446973918
2023-04-19,28822.6796875,-5.18092051895368,0.0036447811447811473,Positive,-2.0008250880993006,0.059912075358503944
2023-04-20,28245.98828125,-2.0008250880993006,0.08313656040928769,Positive,-3.4308522518338824,0.04688932069613888
2023-04-21,27276.91015625,-3.4308522518338824,0.05,Positive,1.9818587979846258,0.05331954556386375
2023-04-22,27817.5,1.9818587979846258,0.3,Positive,-0.8128524647254443,0.09935129159560978
2023-04-23,27591.384765625,-0.8128524647254443,0.005625,Positive,-0.2393679129772508,0.08229772016703836
2023-04-24,27525.33984375,-0.2393679129772508,0.12576388888888887,Positive,2.841955147295372,0.09350000663718196
2023-04-25,28307.59765625,2.841955147295372,0.054832415059687785,Positive,0.4066170397882152,0.08900037792894935
2023-04-26,28422.701171875,0.4066170397882152,0.08097402597402596,Positive,3.6980508331842854,0.10004741290455575
2023-04-27,29473.787109375,3.6980508331842854,0.066511063011063,Positive,-0.453030993708059,0.0976723418476665
2023-04-28,29340.26171875,-0.453030993708059,0.01351536195286195,Positive,-0.31279011203009244,0.09246025069807537
2023-04-29,29248.48828125,-0.31279011203009244,-0.05,Negative,0.0694680667924441,0.042460250698075366
2023-04-30,29268.806640625,0.0694680667924441,-0.011306818181818182,Negative,-4.022160164248023,0.040041419529244206
2023-05-01,28091.568359375,-4.022160164248023,0.1767857142857143,Positive,2.0966033026897257,0.047330251728790684
2023-05-02,28680.537109375,2.0966033026897257,0.011111111111111112,Positive,1.135862564681589,0.04108435116470831
2023-05-03,29006.30859375,1.135862564681589,-0.06166666666666668,Negative,-0.5467695268338013,0.02070710935889507
2023-05-04,28847.7109375,-0.5467695268338013,0.10576749639249639,Positive,2.3803407820215394,0.02631517127052841
2023-05-05,29534.384765625,2.3803407820215394,0.012537878787878785,Positive,-2.1323001096775096,0.026175530818387954
2023-05-06,28904.623046875,-2.1323001096775096,-0.05345238095238096,Negative,-1.5556145829018653,0.025682333539476392
2023-05-07,28454.978515625,-1.5556145829018653,0.062022620687393414,Positive,-2.6733637409259936,0.036157967663649475
2023-05-08,27694.2734375,-2.6733637409259936,0.002335858585858585,Positive,-0.12817829272578907,0.011236559706527231
2023-05-09,27658.775390625,-0.12817829272578907,0.005576599326599324,Positive,-0.13384371045779275,0.010445915165882691
2023-05-10,27621.755859375,-0.13384371045779275,0.002128928170594838,Positive,-2.2481076150133283,0.019559571571205768
2023-05-11,27000.7890625,-2.2481076150133283,0.04583333333333333,Positive,-0.7251596524522896,0.010997548277039613
2023-05-12,26804.990234375,-0.7251596524522896,0.034312886933854675,Positive,-0.07801573211611013,0.01410826372646474
2023-05-13,26784.078125,-0.07801573211611013,0.0734375,Positive,0.5471927993601522,0.03223538957680488
2023-05-14,26930.638671875,0.5471927993601522,0.13841991341991342,Positive,0.9730726801279843,0.043149288538593455
2023-05-15,27192.693359375,0.9730726801279843,0.11017952635599694,Positive,-0.5738415341494774,0.05855552679147036
2023-05-16,27036.650390625,-0.5738415341494774,0.12323396300669028,Positive,1.3394867282656264,0.07536372160291192
2023-05-17,27398.802734375,1.3394867282656264,0.10956709956709956,Positive,-2.067950762275983,0.0907120318024126
2023-05-18,26832.208984375,-2.067950762275983,0.08833333333333333,Positive,0.21585968530852817,0.09678346037384118
2023-05-19,26890.12890625,0.21585968530852817,0.03185457516339869,Positive,0.8905016115201336,0.09643227297806176
2023-05-20,27129.5859375,0.8905016115201336,0.0747053872053872,Positive,-1.3850552916312875,0.09661339972168848
2023-05-21,26753.826171875,-1.3850552916312875,0.028560606060606054,Positive,0.3642513457661867,0.08091921295607316
2023-05-22,26851.27734375,0.3642513457661867,0.007609427609427606,Positive,1.3945303754316907,0.06626634170656324
2023-05-23,27225.7265625,1.3945303754316907,0.04006410256410256,Positive,-3.2723027651064163,0.05438493307190786
2023-05-24,26334.818359375,-3.2723027651064163,0.03888888888888889,Positive,0.5368887301425707,0.04428804583216347
2023-05-25,26476.20703125,0.5368887301425707,0.08348214285714287,Positive,0.9181223884829448,0.043595018621279125
2023-05-26,26719.291015625,0.9181223884829448,0.059494949494949496,Positive,0.5578834405180588,0.04754364352578638
2023-05-27,26868.353515625,0.5578834405180588,0.04191919191919193,Positive,4.53058267244435,0.0428599013420442
2023-05-28,28085.646484375,4.53058267244435,0.004761904761904757,Positive,-1.20973437068298,0.03946008687080115
2023-05-29,27745.884765625,-1.20973437068298,0.1338030303030303,Positive,-0.15690671469931194,0.05748774439845868
2023-05-30,27702.349609375,-0.15690671469931194,0.04348958333333333,Positive,-1.742420455507676,0.057977098794063084
2023-05-31,27219.658203125,-1.742420455507676,-0.008680555555555558,Negative,-1.4683709247646393,0.05118146387342816
2023-06-01,26819.97265625,-1.4683709247646393,0.012154882154882153,Positive,1.601855426947596,0.040991855201676634
2023-06-02,27249.58984375,1.601855426947596,-0.040693682860349516,Negative,-0.640233260391676,0.026679193436633917
2023-06-03,27075.12890625,-0.640233260391676,-0.0018939393939393957,Negative,0.1622799291266075,0.020420174677615154
2023-06-04,27119.06640625,0.1622799291266075,0.044483418367346934,Positive,-5.011119223804861,0.02609467662124975
2023-06-05,25760.09765625,-5.011119223804861,0.13083333333333333,Positive,5.7402171630208665,0.025670434197007326
2023-06-06,27238.783203125,5.7402171630208665,-0.03397435897435897,Negative,-3.277624957004588,0.014604156724479856
2023-06-07,26345.998046875,-3.277624957004588,0.08938191438191438,Positive,0.6157244440365472,0.028613081001261274
2023-06-08,26508.216796875,0.6157244440365472,0.05439393939393939,Positive,-0.10503081775867784,0.034647232035412305
2023-06-09,26480.375,-0.10503081775867784,0.08277356902356901,Positive,-2.375852931180167,0.0522854108759721
2023-06-10,25851.240234375,-2.375852931180167,0.08932429453262787,Positive,0.3439979419507688,0.065316587151196
2023-06-11,25940.16796875,0.3439979419507688,0.07633101851851852,Positive,-0.1452109670044499,0.06986624431564907
2023-06-12,25902.5,-0.1452109670044499,0.08855534511784512,Positive,0.06265231396582749,0.06382653171343648
2023-06-13,25918.728515625,0.06265231396582749,0.07529987373737373,Positive,-3.0636253390914137,0.07943713638654115
2023-06-14,25124.67578125,-3.0636253390914137,0.02430622009569378,Positive,1.7979087727655774,0.07014060863136679
2023-06-15,25576.39453125,1.7979087727655774,0.10384615384615385,Positive,2.9365685552642073,0.07720521069596885
2023-06-16,26327.462890625,2.9365685552642073,0.0997406462585034,Positive,0.6959002900740696,0.07962907887238803
2023-06-17,26510.67578125,0.6959002900740696,0.21708333333333335,Positive,-0.6580854145875503,0.09788037012963167
2023-06-18,26336.212890625,-0.6580854145875503,0.15029761904761904,Positive,1.9547852547670663,0.10844702734807461
2023-06-19,26851.029296875,1.9547852547670663,0.06863636363636363,Positive,5.498705349618893,0.10560145856500583
2023-06-20,28327.48828125,5.498705349618893,0.016393745143745145,Positive,6.000562340273241,0.09718629733734462
2023-06-21,30027.296875,6.000562340273241,0.09005050505050505,Positive,-0.38303689299371557,0.10657833804517478
2023-06-22,29912.28125,-0.38303689299371557,0.014343434343434344,Positive,2.618280743799839,0.093792235259072
2023-06-23,30695.46875,2.618280743799839,0.13146898674242424,Positive,-0.47815994828226405,0.09832485532820355
2023-06-24,30548.6953125,-0.47815994828226405,0.024166666666666677,Positive,-0.2240147837737516,0.07076533151867974
2023-06-25,30480.26171875,-0.2240147837737516,0.03541666666666667,Positive,-0.6861189753050945,0.0543537668928294
2023-06-26,30271.130859375,-0.6861189753050945,0.09673295454545454,Positive,1.3776598074988877,0.058367565594128104
2023-06-27,30688.1640625,1.3776598074988877,0.059125982042648705,Positive,-1.961401038928634,0.06447217086540004
2023-06-28,30086.24609375,-1.961401038928634,0.03290322051685688,Positive,1.1935868224670187,0.05630827307487888
2023-06-29,30445.3515625,1.1935868224670187,0.06968614718614718,Positive,0.10477918298796851,0.06421437490955213
2023-06-30,30477.251953125,0.10477918298796851,0.02048444976076555,Positive,0.37019798257575953,0.04835944105502946
2023-07-01,30590.078125,0.37019798257575953,0.11666666666666665,Positive,0.10033124506771962,0.061573726769315176
2023-07-02,30620.76953125,0.10033124506771962,0.13457792207792207,Positive,1.749367929268808,0.07573962039949453
2023-07-03,31156.439453125,1.749367929268808,0.0584280303030303,Positive,-1.21598433108826,0.07026748836486249
2023-07-04,30777.58203125,-1.21598433108826,0.005010330578512395,Positive,-0.85586975402272,0.062536681012843
2023-07-05,30514.166015625,-0.85586975402272,0.1,Positive,-1.9821224171432172,0.07212193522472059
2023-07-06,29909.337890625,-1.9821224171432172,0.13674242424242425,Positive,1.4474667943441766,0.08170140337561733
2023-07-07,30342.265625,1.4474667943441766,0.16392188251563253,Positive,-0.16387902600796256,0.10219246519774118
2023-07-08,30292.541015625,-0.16387902600796256,0.09124526515151515,Positive,-0.4004505286051452,0.09856083640986238
2023-07-09,30171.234375,-0.4004505286051452,0.09451587301587301,Positive,0.8061862007427312,0.09283768654385538
2023-07-10,30414.470703125,0.8061862007427312,0.16666666666666666,Positive,0.6788889103658935,0.10830034888151772
2023-07-11,30620.951171875,0.6788889103658935,0.04821625344352616,Positive,-0.7488490028050299,0.11447262357651969
2023-07-12,30391.646484375,-0.7488490028050299,0.10573296327328585,Positive,3.5680934374763718,0.11529161832984625
2023-07-13,31476.048828125,3.5680934374763718,0.12464182642754071,Positive,-3.6280934592069825,0.11356296149914859
2023-07-14,30334.068359375,-3.6280934592069825,0.09940210932857992,Positive,-0.1261344778969442,0.10434585104385537
2023-07-15,30295.806640625,-0.1261344778969442,-0.025644841269841276,Negative,-0.1540603578530031,0.08764726441223301
2023-07-16,30249.1328125,-0.1540603578530031,-0.020555555555555563,Negative,-0.34131272874816654,0.07120848890202894
2023-07-17,30145.888671875,-0.34131272874816654,0.0014704585537918874,Positive,-0.9597533349379406,0.04760903060018968
2023-07-18,29856.5625,-0.9597533349379406,0.0727667297979798,Positive,0.19212301525000086,0.05111624150796877
2023-07-19,29913.923828125,0.19212301525000086,0.1073654244306418,Positive,-0.40752996439197275,0.051349450244733905
2023-07-20,29792.015625,-0.40752996439197275,0.15925324675324676,Positive,0.39181140710413676,0.056293938862691906
2023-07-21,29908.744140625,0.39181140710413676,0.0258364898989899,Positive,-0.4578641136054662,0.04578456465846476
2023-07-22,29771.802734375,-0.4578641136054662,-0.03861111111111112,Negative,1.0504447141318263,0.04393224039542622
2023-07-23,30084.5390625,1.0504447141318263,-0.017142857142857137,Negative,-3.016908602087709,0.04441976874009741
2023-07-24,29176.916015625,-3.016908602087709,0.07930423280423281,Positive,0.17299501204297574,0.05553887934730326
2023-07-25,29227.390625,0.17299501204297574,0.1048989898989899,Positive,0.43651529788248933,0.06012920221887614
2023-07-26,29354.97265625,0.43651529788248933,0.10549758953168044,Positive,-0.4915119656712763,0.05986236866188166
2023-07-27,29210.689453125,-0.4915119656712763,0.14456065759637188,Positive,0.3716332707559111,0.057763427353756676
2023-07-28,29319.24609375,0.3716332707559111,0.049134199134199134,Positive,0.1284885528077373,0.06109167153021514
2023-07-29,29356.91796875,0.1284885528077373,0.08416666666666667,Positive,-0.2779902682116475,0.07863135406989767
2023-07-30,29275.30859375,-0.2779902682116475,0.05399305555555556,Positive,-0.15438698273756435,0.08879362731252806
2023-07-31,29230.111328125,-0.15438698273756435,0.05117084712672948,Positive,1.5245275282999904,0.08477457221574188
2023-08-01,29675.732421875,1.5245275282999904,0.18333333333333335,Positive,-1.7649890828436932,0.09597947842064809
2023-08-02,29151.958984375,-1.7649890828436932,0.12124464340373432,Positive,0.09166006009861949,0.09822905754522722
2023-08-03,29178.6796875,0.09166006009861949,0.01376984126984127,Positive,-0.35843942133476636,0.07954465521286569
2023-08-04,29074.091796875,-0.35843942133476636,0.016666666666666666,Positive,-0.10994270766331304,0.07490643628893248
2023-08-05,29042.126953125,-0.10994270766331304,0.07937229437229437,Positive,-0.0009347950838400898,0.07422152596116502
2023-08-06,29041.85546875,-0.0009347950838400898,0.1057081807081807,Positive,0.47766457759308434,0.08160940098296861
2023-08-07,29180.578125,0.47766457759308434,0.08416666666666667,Positive,2.0044635853149417,0.08632308948867393
2023-08-08,29765.4921875,2.0044635853149417,0.15181818181818182,Positive,-0.6853508270246889,0.0818209249865094
2023-08-09,29561.494140625,-0.6853508270246889,0.17259098925765592,Positive,-0.4461964714047806,0.08915611725135535
2023-08-10,29429.591796875,-0.4461964714047806,0.09678030303030302,Positive,-0.10831598801986919,0.10101475464570704
2023-08-11,29397.71484375,-0.10831598801986919,0.01977212602212602,Positive,0.06207965516027425,0.10145839169648693
2023-08-12,29415.96484375,0.06207965516027425,0.07031407828282828,Positive,-0.45230806453818717,0.10016436082656321
2023-08-13,29282.9140625,-0.45230806453818717,0.015033143939393935,Positive,0.4286776125049352,0.08721078414530795
2023-08-14,29408.443359375,0.4286776125049352,0.12492690058479532,Positive,-0.8096168172366025,0.09303367470504063
2023-08-15,29170.34765625,-0.8096168172366025,0.09889835858585859,Positive,-1.6063173634291772,0.08547369995756589
2023-08-16,28701.779296875,-1.6063173634291772,0.04599116161616161,Positive,-7.097917151940503,0.06738801029449526
2023-08-17,26664.55078125,-7.097917151940503,-0.0029026056014692407,Negative,-2.306411031148714,0.05314759477567065
2023-08-18,26049.556640625,-2.306411031148714,0.1220138888888889,Positive,0.17907574452629138,0.06775356089949393
2023-08-19,26096.205078125,0.17907574452629138,-0.06820436507936509,Negative,0.357825614760654,0.04796521184775201
2023-08-20,26189.583984375,0.357825614760654,0.057932098765432115,Positive,-0.2498831574187843,0.05409363396575747
2023-08-21,26124.140625,-0.2498831574187843,-0.029791666666666668,Negative,-0.35401882238949023,0.0319909815012629
2023-08-22,26031.65625,-0.35401882238949023,0.021978810663021184,Positive,1.5365306423789304,0.021002474655143266
2023-08-23,26431.640625,1.5365306423789304,0.11784286315536313,Positive,-1.018731988472621,0.03126700344645777
2023-08-24,26162.373046875,-1.018731988472621,0.09687830687830688,Positive,-0.4384352975912553,0.04552141951499722
2023-08-25,26047.66796875,-0.4384352975912553,0.12573172198172197,Positive,-0.15051281432193475,0.04605253852825908
2023-08-26,26008.462890625,-0.15051281432193475,0.1640827922077922,Positive,0.31232321991347956,0.07923641814071013
2023-08-27,26089.693359375,0.31232321991347956,0.14761904761904762,Positive,0.06307866874213364,0.09204883940551234
2023-08-28,26106.150390625,0.06307866874213364,0.04518987493987494,Positive,6.2101924766441385,0.10276048820644686
2023-08-29,27727.392578125,6.2101924766441385,0.08893725198412698,Positive,-1.5512708305083889,0.11232597982374767
2023-08-30,27297.265625,-1.5512708305083889,0.026462268791814247,Positive,-5.00340578984273,0.09927160920038357
2023-08-31,25931.47265625,-5.00340578984273,-0.0009532076719576746,Negative,-0.5042060225742162,0.08529567855034577
2023-09-01,25800.724609375,-0.5042060225742162,0.09113636363636363,Positive,0.2638461507599166,0.08035348450100886
2023-09-02,25868.798828125,0.2638461507599166,0.019164862914862912,Positive,0.38953327054152,0.05965092317344752
2023-09-03,25969.56640625,0.38953327054152,0.07062908496732025,Positive,-0.6051329012069284,0.048652357080343614
2023-09-04,25812.416015625,-0.6051329012069284,-0.08928571428571429,Negative,-0.12565113521479931,0.02944155861954516
2023-09-05,25779.982421875,-0.12565113521479931,0.12341517857142857,Positive,-0.10374752516241204,0.034366976703445386
2023-09-06,25753.236328125,-0.10374752516241204,0.06299130763416477,Positive,1.8908652030005024,0.03958541082378118
2023-09-07,26240.1953125,1.8908652030005024,0.0876398909732243,Positive,-1.2749181613965876,0.05224156777309289
2023-09-08,25905.654296875,-1.2749181613965876,0.08690600198412698,Positive,-0.03851113886439439,0.051637230394201934
2023-09-09,25895.677734375,-0.03851113886439439,0.375,Positive,-0.24502611024840304,0.10247082140636439
2023-09-10,25832.2265625,-0.24502611024840304,0.06667640692640693,Positive,-2.592003689674205,0.10190615311480533
2023-09-11,25162.654296875,-2.592003689674205,0.10881799360060229,Positive,2.6654161568650414,0.13020668281285055
2023-09-12,25833.34375,2.6654161568650414,0.011666666666666665,Positive,1.528956036711282,0.11424260968359887
2023-09-13,26228.32421875,1.528956036711282,0.06293706293706293,Positive,1.1870739692642074,0.11423486044115573
2023-09-14,26539.673828125,1.1870739692642074,0.04905372405372406,Positive,0.2600617162704433,0.10872255088122713
2023-09-15,26608.693359375,0.2600617162704433,0.06297686688311688,Positive,-0.1518755875352329,0.10530410300965425
2023-09-16,26568.28125,-0.1518755875352329,0.08611111111111111,Positive,-0.12832501161511578,0.06403426173981298
2023-09-17,26534.1875,-0.12832501161511578,0.13469903112760256,Positive,0.8294723552398242,0.07375177948284094
2023-09-18,26754.28125,0.8294723552398242,0.059305555555555556,Positive,1.7075246134672373,0.06667857404783425
2023-09-19,27211.1171875,1.7075246134672373,0.15305368499812944,Positive,-0.290724465500225,0.08687671952375751
2023-09-20,27132.0078125,-0.290724465500225,0.16802232854864432,Positive,-2.080107760178318,0.101888900325412
2023-09-21,26567.6328125,-2.080107760178318,0.08434463684463683,Positive,0.04492514240630463,0.10693045929554239
2023-09-22,26579.568359375,0.04492514240630463,0.03477965933848287,Positive,-0.0006686879658768241,0.1029022867891661
2023-09-23,26579.390625,-0.0006686879658768241,0.13333333333333333,Positive,-1.213588594546644,0.10964831853519784
2023-09-24,26256.826171875,-1.213588594546644,-0.05109126984126984,Negative,0.15864178176880905,0.08310684696821609
2023-09-25,26298.48046875,0.15864178176880905,0.0042464114832535885,Positive,-0.30887894396227633,0.07524125495788722
2023-09-26,26217.25,-0.30887894396227633,0.06836868686868687,Positive,0.5167086436411061,0.06314339808225257
2023-09-27,26352.716796875,0.5167086436411061,0.08342378814601037,Positive,2.537992888096885,0.051057892310447724
2023-09-28,27021.546875,2.537992888096885,0.0991955266955267,Positive,-0.4064392478456136,0.05317944800343199
2023-09-29,26911.720703125,-0.4064392478456136,0.0798037518037518,Positive,0.20881352448591795,0.059611461212756116
2023-09-30,26967.916015625,0.20881352448591795,0.10555555555555554,Positive,3.7668241913332734,0.055643207244502155
2023-10-01,27983.75,3.7668241913332734,0.06583694083694083,Positive,-1.6186709920936293,0.07234723734138938
2023-10-02,27530.78515625,-1.6186709920936293,0.09998770169224715,Positive,-0.3661597010505724,0.08602456451410276
2023-10-03,27429.978515625,-0.3661597010505724,0.03383838383838384,Positive,1.3467601347721292,0.08109166408120232
2023-10-04,27799.39453125,1.3467601347721292,0.1386123136123136,Positive,-1.379463216164356,0.08897573914781708
2023-10-05,27415.912109375,-1.379463216164356,0.12003246753246753,Positive,1.9356844476223989,0.09195244498166577
2023-10-06,27946.59765625,1.9356844476223989,0.012500000000000002,Positive,0.07958817661306572,0.08233762329541551
2023-10-07,27968.83984375,0.07958817661306572,0.04957060399917542,Positive,-0.1206700034343422,0.07433977307307549
2023-10-08,27935.08984375,-0.1206700034343422,0.08476562500000001,Positive,-1.2579594744121514,0.07704387081065538
2023-10-09,27583.677734375,-1.2579594744121514,0.0,Neutral,-0.6984500217130485,0.06275991342604863
2023-10-10,27391.01953125,-0.6984500217130485,0.039173722519310755,Positive,-1.8900326735168282,0.06352210466618105
2023-10-11,26873.3203125,-1.8900326735168282,0.07607593795093795,Positive,-0.43359541366684295,0.05458833671455595
2023-10-12,26756.798828125,-0.43359541366684295,0.019146825396825395,Positive,0.39457699163931714,0.040176102123749946
2023-10-13,26862.375,0.39457699163931714,0.03873478373478372,Positive,-0.0024866332556272575,0.04392392837157618
2023-10-14,26861.70703125,-0.0024866332556272575,0.040800865800865796,Positive,1.1091823470242623,0.04267110862896052
2023-10-15,27159.65234375,1.1091823470242623,0.17916666666666667,Positive,5.006744695824206,0.05615697172419861
2023-10-16,28519.466796875,5.006744695824206,0.03727409969257795,Positive,-0.36367703063566736,0.061481843108852616
2023-10-17,28415.748046875,-0.36367703063566736,0.01675154320987654,Positive,-0.30759792019486865,0.0582786746360763
2023-10-18,28328.341796875,-0.30759792019486865,0.145734126984127,Positive,1.3818840741083749,0.06822984449796045
2023-10-19,28719.806640625,1.3818840741083749,0.14001217532467533,Positive,3.3535830870205396,0.08549632305908186
2023-10-20,29682.94921875,3.3535830870205396,0.16916666666666666,Positive,0.7932597562652743,0.10412944919220801
2023-10-21,29918.412109375,0.7932597562652743,0.046519886363636354,Positive,0.2523007395046406,0.10494645212974664
2023-10-22,29993.896484375,0.2523007395046406,0.11904761904761904,Positive,10.309890521346299,0.09635801675559698
2023-10-23,33086.234375,10.309890521346299,0.07934401154401155,Positive,2.464145540134477,0.10236800416294464
2023-10-24,33901.52734375,2.464145540134477,0.08308018743502614,Positive,1.7736456610143003,0.11184352476653744
2023-10-25,34502.8203125,1.7736456610143003,0.01418543069584736,Positive,-1.0033147199696724,0.09305085386821177
2023-10-26,34156.6484375,-1.0033147199696724,0.07299175970228602,Positive,-0.7226928505637331,0.08347650877929903
2023-10-27,33909.80078125,-0.7226928505637331,0.04463037235096058,Positive,0.5301518539129857,0.06568560959134102
2023-10-28,34089.57421875,0.5301518539129857,0.21333333333333335,Positive,1.3168432293093613,0.08951610201558344
2023-10-29,34538.48046875,1.3168432293093613,0.09431818181818181,Positive,-0.10457086417764438,0.08598332526852097
2023-10-30,34502.36328125,-0.10457086417764438,0.0835936507936508,Positive,0.4794395311462418,0.08659041658989801
2023-10-31,34667.78125,0.4794395311462418,0.0703962703962704,Positive,2.2195613001625203,0.08477842844150432
2023-11-01,35437.25390625,2.2195613001625203,0.08122846108140225,Positive,-1.4081557224217889,0.09435600421086932
2023-11-02,34938.2421875,-1.4081557224217889,-0.08194444444444444,Negative,-0.5893770145759425,0.07222226076133641
2023-11-03,34732.32421875,-0.5893770145759425,0.0014204545454545442,Positive,1.0073356782761111,0.06604941536054983
2023-11-04,35082.1953125,1.0073356782761111,0.02312770562770563,Positive,-0.0936082917772807,0.038877182831174424
2023-11-05,35049.35546875,-0.0936082917772807,0.018669507575757575,Positive,-0.03419285416157436,0.028070229367970965
2023-11-06,35037.37109375,-0.03419285416157436,0.2089285714285714,Positive,1.1593090279608864,0.045975218030102474
2023-11-07,35443.5625,1.1593090279608864,0.006161215327881995,Positive,0.5973294692089626,0.036798781591761275
2023-11-08,35655.27734375,0.5973294692089626,-0.007440476190476192,Negative,2.9107827327892632,0.0241317905529215
2023-11-09,36693.125,2.9107827327892632,0.06434474616292797,Positive,1.6919893031732691,0.04503024635397469
2023-11-10,37313.96875,1.6919893031732691,0.05735748844992543,Positive,-0.47145338500075296,0.05302125119747054
2023-11-11,37138.05078125,-0.47145338500075296,0.0625,Positive,-0.2249209321512735,0.05864586467922688
2023-11-12,37054.51953125,-0.2249209321512735,0.001609347442680778,Positive,-1.4901395821212304,0.05620869894593019
2023-11-13,36502.35546875,-1.4901395821212304,0.03177083333333333,Positive,-2.6428838121854925,0.030900450646610473
2023-11-14,35537.640625,-2.6428838121854925,0.07705492424242424,Positive,6.592844558740318,0.04102812334868793
2023-11-15,37880.58203125,6.592844558740318,-0.0707998511904762,Negative,-4.5559292055657234,0.03197678406297365
2023-11-16,36154.76953125,-4.5559292055657234,0.022727272727272728,Positive,1.2222842746045792,0.0260314307150229
2023-11-17,36596.68359375,1.2222842746045792,0.06220883073155801,Positive,-0.030003999465888498,0.02672447961239898
2023-11-18,36585.703125,-0.030003999465888498,0.0,Neutral,2.1889527372586093,0.017795908183827553
2023-11-19,37386.546875,2.1889527372586093,0.04966666666666667,Positive,0.24182537251242753,0.02466123950153982
2023-11-20,37476.95703125,0.24182537251242753,0.016123737373737373,Positive,-4.437779006078834,0.0224259400787404
2023-11-21,35813.8125,-4.437779006078834,0.03587344028520499,Positive,4.5192824521265385,0.016542870941994792
2023-11-22,37432.33984375,4.5192824521265385,-0.025529952300785634,Negative,-0.3812712499291715,0.023009999354807725
2023-11-23,37289.62109375,-0.3812712499291715,0.06041552745500114,Positive,1.1549062275727495,0.028394035744483216
2023-11-24,37720.28125,1.1549062275727495,0.03383149678604224,Positive,0.20283973558654633,0.024340130895123824
2023-11-25,37796.79296875,0.20283973558654633,0.2032828282828283,Positive,-0.8404730932136117,0.053380534935527864
2023-11-26,37479.12109375,-0.8404730932136117,0.15459183673469387,Positive,-0.6002091789647501,0.06836984494524603
2023-11-27,37254.16796875,-0.6002091789647501,0.060486411736411734,Positive,1.548599794884531,0.07470736985419953
2023-11-28,37831.0859375,1.548599794884531,0.11282296650717703,Positive,0.07244373065387055,0.08570015931448124
2023-11-29,37858.4921875,0.07244373065387055,0.03654166666666667,Positive,-0.38497596002547985,0.09456753345268869
2023-11-30,37712.74609375,-0.38497596002547985,0.09512112887112888,Positive,2.5879947957747618,0.09952547651213552
2023-12-01,38688.75,2.5879947957747618,0.1108154761904762,Positive,2.0356874575942596,0.11052318785562609
2023-12-02,39476.33203125,2.0356874575942596,0.07934027777777779,Positive,1.2717964611113297,0.09281710921204744
2023-12-03,39978.390625,1.2717964611113297,0.1259259259259259,Positive,5.006972516793251,0.08872197909650917
2023-12-04,41980.09765625,5.006972516793251,0.09085618085618087,Positive,5.003682455553493,0.09306051754219047
2023-12-05,44080.6484375,5.003682455553493,0.035416666666666666,Positive,-0.7581629055975703,0.08200247470783184
2023-12-06,43746.4453125,-0.7581629055975703,0.14981379731379732,Positive,-1.0372985662227885,0.09818420765742195
2023-12-07,43292.6640625,-1.0372985662227885,0.07215348978506873,Positive,2.018673414826888,0.09490311635941336
2023-12-08,44166.6015625,2.018673414826888,-0.006944444444444445,Negative,-0.9976252913108663,0.0780802705544247
2023-12-09,43725.984375,-0.9976252913108663,0.10703944203944205,Positive,0.12284421841561866,0.08203729402037672
2023-12-10,43779.69921875,0.12284421841561866,0.13136363636363635,Positive,-5.792335792051162,0.0828141097971925
2023-12-11,41243.83203125,-5.792335792051162,0.05340136054421769,Positive,0.5004157345118276,0.07746342118119777
2023-12-12,41450.22265625,0.5004157345118276,0.04207070707070707,Positive,3.475299863154757,0.07841399838177497
2023-12-13,42890.7421875,3.475299863154757,0.06530073461891645,Positive,0.31062756659134827,0.0663407037110777
2023-12-14,43023.97265625,0.31062756659134827,0.09510663608877894,Positive,-2.543267802098337,0.06961972461160772
2023-12-15,41929.7578125,-2.543267802098337,0.051139169472502806,Positive,0.7401888090740938,0.07791738374260018
2023-12-16,42240.1171875,0.7401888090740938,-0.014285714285714285,Negative,-2.072563201266564,0.060585218553292144
2023-12-17,41364.6640625,-2.072563201266564,0.17919146825396826,Positive,3.0433584522719714,0.06741776596619671
2023-12-18,42623.5390625,3.0433584522719714,0.05966329966329967,Positive,-0.8282083715112631,0.06831232869749412
2023-12-19,42270.52734375,-0.8282083715112631,0.05222222222222222,Positive,0.13658151137276864,0.06976254514771058
2023-12-30,42156.90234375,0.13658151137276864,-0.065,Negative,1.7900939051301412,0.05114815448786537
2024-01-02,44957.96875,1.7900939051301412,-0.0013888888888888892,Negative,3.108057856532498,0.037363079491055676
2024-01-04,44179.921875,3.108057856532498,0.08862722462722462,Positive,-0.03900067727314882,0.04271851594173023
2024-01-05,44162.69140625,-0.03900067727314882,0.08650711662075299,Positive,6.889378335779228,0.057117491785511273
2024-01-08,46970.50390625,6.889378335779228,0.09034452461119129,Positive,-1.7687130611972357,0.04442507126511456
2024-01-09,46139.73046875,-1.7687130611972357,0.01194953002244669,Positive,-0.861423582021903,0.03760881845927842
2024-01-31,42582.60546875,-0.861423582021903,0.10770833333333332,Positive,-0.9505619472114146,0.04553540576086572
2024-02-04,42583.58203125,-0.9505619472114146,0.055901663695781346,Positive,0.17632602500394778,0.0628070720031202
2024-02-05,42658.66796875,0.17632602500394778,0.039403521825396824,Positive,2.2188248784866804,0.06863455924801816
2024-02-08,45301.56640625,2.2188248784866804,0.06875,Positive,4.0741037427910465,0.0657949557298432
2024-02-09,47147.19921875,4.0741037427910465,0.03326315099042372,Positive,-0.4319233922406296,0.058188674925510456
2024-02-13,49742.44140625,-0.4319233922406296,0.01870580808080808,Positive,4.190091694992915,0.04795457256402714
2024-02-14,51826.6953125,4.190091694992915,0.027109113109113108,Positive,0.21583350882306007,0.05012022729069377
2024-02-15,51938.5546875,0.21583350882306007,0.05501704545454546,Positive,0.4267512618200353,0.04259290045086694
2024-02-16,52160.203125,0.4267512618200353,0.06463636363636363,Positive,-0.9532306269177337,0.04384071472809298
2024-02-17,51662.99609375,-0.9532306269177337,0.0,Neutral,-0.6588364620277343,0.03821164018160772
2024-02-19,51779.14453125,-0.6588364620277343,0.046380952380952384,Positive,-0.8524364120598982,0.035016061950315196
2024-02-21,51839.1796875,-0.8524364120598982,0.0,Neutral,5.391435284481116,0.030264183237397522
2024-02-26,54522.40234375,5.391435284481116,0.0,Neutral,4.700762695380023,0.027591924940139227
2024-02-27,57085.37109375,4.700762695380023,0.0,Neutral,9.493531994124748,0.023719194495980207
2024-02-28,62504.7890625,9.493531994124748,0.010584415584415585,Positive,-2.090089846865484,0.017371675943104514
2024-02-29,61198.3828125,-2.090089846865484,0.0,Neutral,8.173591649219114,0.008137909709338281
2024-03-04,68330.4140625,8.173591649219114,0.08386133392751038,Positive,-6.628402455760396,0.020118100270411193
2024-03-05,63801.19921875,-6.628402455760396,0.03299206349206349,Positive,0.2910524006418447,0.01820540185771278
2024-03-09,68498.8828125,0.2910524006418447,0.011063647681294739,Positive,2.2414410239567806,0.019785922955040596
2024-03-13,73083.5,2.2414410239567806,0.06666666666666667,Positive,-2.30819028918976,0.029309732478850124
2024-03-14,71396.59375,-2.30819028918976,0.016666666666666666,Positive,-2.7911980219644583,0.031690684859802504
2024-03-15,69403.7734375,-2.7911980219644583,0.02123857623857624,Positive,-5.891115205258901,0.03321270781039688
2024-03-16,65315.1171875,-5.891115205258901,0.050758928571428566,Positive,4.708722796395115,0.040463983320600964
2024-03-17,68390.625,4.708722796395115,0.02134199134199134,Positive,-1.23120859035869,0.03153264866552682
2024-03-18,67548.59375,-1.23120859035869,0.0569824592074592,Positive,-8.343356981432349,0.03495984805344049
2024-03-19,61912.7734375,-8.343356981432349,0.08291666666666667,Positive,9.692504638897837,0.04522456505135076
2024-03-20,67913.671875,9.692504638897837,0.033958860403665594,Positive,-3.5667063539995048,0.04055202129949347
2024-03-21,65491.390625,-3.5667063539995048,0.08694444444444445,Positive,-2.615044343853401,0.05059170383917601
2024-03-22,63778.76171875,-2.615044343853401,0.025404423018059383,Positive,0.4444134671348854,0.05118682480767361
2024-03-23,64062.203125,0.4444134671348854,0.06870748299319727,Positive,4.951388799118828,0.05375090401078341
2024-03-24,67234.171875,4.951388799118828,0.09000000000000001,Positive,4.052464020923141,0.06355919096192751
2024-03-25,69958.8125,4.052464020923141,0.0238006253006253,Positive,0.041486463910467286,0.05881892897523695
2024-03-26,69987.8359375,0.041486463910467286,0.06726027189185084,Positive,-0.7608353371227561,0.05658230115026327
2024-03-27,69455.34375,-0.7608353371227561,0.012985438803620623,Positive,1.8567460837021654,0.05358609806454256
2024-03-28,70744.953125,1.8567460837021654,0.07044733044733045,Positive,-1.204502883045766,0.051229367493526266
2024-03-29,69892.828125,-1.204502883045766,0.07529653679653679,Positive,-0.35414711944022903,0.058356812319023045
2024-03-30,69645.3046875,-0.35414711944022903,0.018639682539682543,Positive,2.424203264779501,0.05120426939709237
2024-03-31,71333.6484375,2.424203264779501,0.02666666666666667,Positive,-2.2871394296192005,0.042156650349473315
2024-04-01,69702.1484375,-2.2871394296192005,-0.013425925925925933,Negative,-6.104798598949213,0.036838571602823146
2024-04-02,65446.97265625,-6.104798598949213,0.0,Neutral,0.8156830210526378,0.027229961332558734
2024-04-03,65980.8125,0.8156830210526378,0.056060606060606054,Positive,3.8314642609167615,0.03338355665498523
2024-04-04,68508.84375,3.8314642609167615,0.018205086580086578,Positive,-0.9797320875087778,0.02592037895966467
2024-04-05,67837.640625,-0.9797320875087778,0.07059122975789642,Positive,-3.4794031158228322,0.025248192239858906
2024-04-09,69139.015625,-3.4794031158228322,0.07064928622964338,Positive,-5.0217292706919885,0.03267813562413902
2024-04-13,63821.47265625,-5.0217292706919885,0.04727305522760068,Positive,3.004089104268326,0.03562190541855816
2024-04-14,65738.7265625,3.004089104268326,0.04125,Positive,-3.517737178558533,0.04343275197940473
2024-04-15,63426.2109375,-3.517737178558533,0.026316883116883117,Positive,0.6080330797783695,0.047192306710388036
2024-04-16,63811.86328125,0.6080330797783695,0.022214582802818097,Positive,-3.9728848910527192,0.042357160530704034
2024-04-17,61276.69140625,-3.9728848910527192,0.03489103334936668,Positive,3.649124077498622,0.044740867212029765
2024-04-18,63512.75390625,3.649124077498622,0.07789313860742433,Positive,0.5208661031110617,0.04578399704767661
2024-04-19,63843.5703125,0.5208661031110617,0.06327056277056277,Positive,1.8026421268684478,0.04472989369637938
2024-04-20,64994.44140625,1.8026421268684478,0.0398154962321629,Positive,-0.10431180502996629,0.04366452812560256
2024-04-21,64926.64453125,-0.10431180502996629,0.049201539201539204,Positive,2.9433758205850147,0.04480046229725101
2024-04-22,66837.6796875,2.9433758205850147,0.031127908549783544,Positive,-0.6439574982440521,0.045487751644808214
2024-04-23,66407.2734375,-0.6439574982440521,0.022420763760049475,Positive,-3.208044676017341,0.04551720606726984
2024-04-24,64276.8984375,-3.208044676017341,0.09842415381889065,Positive,0.31863484195515657,0.0545933661343447
2024-04-25,64481.70703125,0.31863484195515657,0.02334021607047923,Positive,-1.1265004482557628,0.04680009148620968
2024-04-26,63755.3203125,-1.1265004482557628,0.06493765031265032,Positive,-0.5272966802647994,0.04703824684936504
2024-04-27,63419.140625,-0.5272966802647994,0.054625420875420876,Positive,-0.4823625063903991,0.04915395036983047
2024-04-28,63113.23046875,-0.4823625063903991,0.026954816017316016,Positive,1.1533090916022948,0.04597584705779859
2024-04-29,63841.12109375,1.1533090916022948,0.06543979334157905,Positive,-5.0191249309274655,0.050877544885197946
2024-04-30,60636.85546875,-5.0191249309274655,-0.012404931669637553,Negative,1.4924669552331737,0.0459024455380998
2024-05-02,59123.43359375,1.4924669552331737,0.1481818181818182,Positive,6.370405294167747,0.0530106833042323
2024-05-03,62889.8359375,6.370405294167747,0.05333333333333334,Positive,1.5926845790239064,0.05729541434178289
2024-05-04,63891.47265625,1.5926845790239064,0.08342622655122656,Positive,0.2185896653241981,0.05993663951872235
2024-05-05,64031.1328125,0.2185896653241981,0.05990582912457912,Positive,-1.8398626419713127,0.060690983554316395
2024-05-08,61187.94140625,-1.8398626419713127,-0.05831569664902999,Negative,3.043115176709965,0.048509481744838386
2024-05-09,63049.9609375,3.043115176709965,-0.003927083333333335,Negative,0.31933460054698326,0.03859992793413662
2024-06-01,67706.9375,0.31933460054698326,-0.2,Negative,0.06596674454519835,0.011800632458370553
2024-06-02,67751.6015625,0.06596674454519835,0.0,Neutral,1.5544720172089965,-0.00936819871046062
2024-06-03,68804.78125,1.5544720172089965,0.0,Neutral,2.5622992224831664,-0.01698724632950824
2024-06-04,70567.765625,2.5622992224831664,0.042413232510635106,Positive,0.7298724608017615,-0.022846245478164162
2024-06-05,71082.8203125,0.7298724608017615,0.048923992673992674,Positive,-0.05308786729295578,-0.02441507925681937
2024-06-08,69305.7734375,-0.05308786729295578,0.031554943373125185,Positive,0.49378101278765296,-0.011576416396511486
2024-06-09,69647.9921875,0.49378101278765296,0.07108633325738589,Positive,-2.990687070088416,-0.0008602140264087403
2024-07-03,60173.921875,-2.990687070088416,0.09384949494949495,Positive,-5.311634426354228,0.04111828525209054
2024-07-04,56977.703125,-5.311634426354228,0.05515151515151516,Positive,-0.5534237213954074,0.04899707313087842
2024-07-05,56662.375,-0.5534237213954074,0.017345679012345676,Positive,1.5326802715911692,0.05147502727549923
2024-07-08,56705.09765625,1.5326802715911692,0.12395833333333335,Positive,2.299844211812685,0.06312432739302755
2024-07-09,58009.2265625,2.299844211812685,0.008404280904280907,Positive,4.2768734230136385,0.05733579714021158
2024-07-19,66710.15625,4.2768734230136385,0.2791666666666667,Positive,1.4753144342986024,0.09270890046786036
2024-07-21,68154.5234375,1.4753144342986024,0.3055555555555556,Positive,-0.835268752223095,0.12620450365331318
2024-07-22,67585.25,-0.835268752223095,0.13170530703864036,Positive,-2.452573786440093,0.13161247680890537
2024-07-23,65927.671875,-2.452573786440093,0.039236111111111104,Positive,-0.8426492953570563,0.12933884766027623
2024-07-24,65372.1328125,-0.8426492953570563,0.0011174242424242462,Positive,3.2455548053117234,0.12702052555028745
2024-07-26,67912.0625,3.2455548053117234,0.09336647727272727,Positive,-0.14537411892032726,0.12265026039877229
2024-07-27,67813.3359375,-0.14537411892032726,0.28030303030303033,Positive,0.6525726007755361,0.1614929388843079
2024-07-28,68255.8671875,0.6525726007755361,0.0,Neutral,-2.1037797689324123,0.12161198650335556
2024-07-29,66819.9140625,-2.1037797689324123,0.08766323953823953,Positive,-0.9262185475442442,0.09048451278659611
2024-07-30,66201.015625,-0.9262185475442442,0.3566666666666667,Positive,-2.3893373992326827,0.12262184987631417
2024-07-31,64619.25,-2.3893373992326827,-0.006397306397306397,Negative,-1.1967302150066583,0.11610279023225452
2024-08-03,60680.09375,-1.1967302150066583,0.11499999999999999,Positive,-4.223983565450573,0.1323717296261939
2024-08-04,58116.9765625,-4.223983565450573,0.036811111111111114,Positive,-7.098647891315101,0.12429239160310589
2024-08-05,53991.45703125,-7.098647891315101,0.04690151515151515,Positive,12.144256099404904,0.09094931801003228
2024-08-08,61710.13671875,12.144256099404904,0.009356481481481483,Positive,-1.3450358103773374,0.0922859582216725
2024-08-09,60880.11328125,-1.3450358103773374,0.03663159371492705,Positive,2.1144992390795814,0.08499572310405644
2024-08-13,60609.56640625,2.1144992390795814,0.0938888888888889,Positive,-3.08911115194338,0.0474560405643739
2024-08-14,58737.26953125,-3.08911115194338,0.006239628427128435,Positive,-2.0041310813293967,0.049261316967864587
2024-08-15,57560.09765625,-2.0041310813293967,0.1701058201058201,Positive,2.3175912946963972,0.05713357698298175
2024-08-16,58894.10546875,2.3175912946963972,0.16517857142857142,Positive,1.726094125025579,0.07547178559976178
2024-08-19,59493.453125,1.726094125025579,0.14847222222222226,Positive,3.664287570061453,0.08998188660986281
2024-08-21,61175.19140625,3.664287570061453,0.08194444444444443,Positive,-1.2967304646127387,0.10035159560457181
2024-08-22,60381.9140625,-1.2967304646127387,0.04791432846988403,Positive,-5.369739018896724,0.10196341485527993
2024-08-27,59504.1328125,-5.369739018896724,0.03743867243867243,Positive,-0.800797843742207,0.09389909821953471
2024-08-28,59027.625,-0.800797843742207,0.05242200328407225,Positive,0.6108236397788236,0.10049658034195529
2024-08-29,59388.1796875,0.6108236397788236,0.04311325757575758,Positive,-0.4524521990973862,0.08235478569480348
2024-08-30,59119.4765625,-0.4524521990973862,0.07047204392031978,Positive,-0.2530098940268344,0.06882528176505325
2024-08-31,58969.8984375,-0.2530098940268344,0.07533333333333334,Positive,3.1172733823612075,0.058376869066640545
2024-09-02,59112.48046875,3.1172733823612075,0.0,Neutral,-2.844504270361159,0.046670519860291346
2024-09-03,57431.0234375,-2.844504270361159,0.16041666666666665,Positive,0.941156177702851,0.06274228245983172
2024-09-04,57971.5390625,0.941156177702851,0.07895247113997114,Positive,1.2964221602682846,0.06867282513144582
2024-09-08,54841.56640625,1.2964221602682846,0.10237023007856343,Positive,3.9713831911113884,0.07580828610208742
2024-09-09,57019.53515625,3.9713831911113884,0.08039021164021164,Positive,0.20882627636797935,0.08113356525415227
2024-10-03,60759.40234375,0.20882627636797935,0.07777777777777778,Positive,2.1528753876634443,0.08217724151950342
2024-10-04,62067.4765625,2.1528753876634443,0.022627314814814815,Positive,-2.4944762232405493,0.0746478103025722
2024-10-09,60582.1015625,-2.4944762232405493,0.09612185163321527,Positive,-0.791112711687536,0.08837950339303154
2024-11-03,68741.1171875,-0.791112711687536,0.02763888888888889,Positive,-1.3523338185854272,0.06941124942477757
2024-11-04,67811.5078125,-1.3523338185854272,0.0613817705112348,Positive,0.8439738809541852,0.06690114933495808
2024-11-08,76545.4765625,0.8439738809541852,0.04,Positive,0.30490452928257916,0.057991116466591885
2024-11-09,76778.8671875,0.30490452928257916,0.06840293365756328,Positive,-1.454037255458307,0.05627864818335641
2024-12-02,95865.3046875,-1.454037255458307,0.04017676767676768,Positive,0.1427621551364444,0.05090707531178353
2024-12-03,96002.1640625,0.1427621551364444,0.03926599326599326,Positive,2.881567529768403,0.05328402937623759
2024-12-04,98768.53125,2.881567529768403,0.047085516822358925,Positive,1.3136868131795154,0.04627883868897241
2024-12-08,101236.015625,1.3136868131795154,-0.06825905575905576,Negative,-3.7568614800964073,0.0325791323106946
2024-12-09,97432.71875,-3.7568614800964073,0.08273955541812684,Positive,,0.035630244440250605
